Ottoneu Positions,1B,2B,3B,AB,ADP,BB,G,H,HBP,HR,PA,R,RBI,SF,WAR,R_SGP_raw,HR_SGP_raw,OBP,OBP_SGP_raw,SLG,SLG_SGP_raw,TOTAL_SGP_raw
1B,86.23621599999998,25.893128,1.29073072,526.57392,233.00599975585936,42.975880000000004,137.87104,133.62888,6.408195999999999,20.208816000000002,581.48824,67.185072,71.281104,4.1575296,1.4691276,2.65737271007358,1.7560051872946367,0.3154767420001628,-0.23585364267440304,0.42297941409631523,-0.0323052715948721,4.145218983098942
2B,78.184096,25.503712,1.62165472,485.98040000000003,348.91599731445314,50.664192,130.12424000000001,119.7508,8.0614232,14.561344,550.4215999999999,64.370024,60.32164,3.9759224000000004,1.6091920000000002,2.5460290512806383,1.2652792522818572,0.3252821042017112,-0.02105073271147873,0.3956987980585225,-0.2952833275554861,3.4949742432955304
3B,74.526048,23.578152,1.5084936,460.7796,290.0919952392578,40.904536,122.2672,114.87344800000001,7.0845807999999995,14.900736,513.95312,60.015544,58.29392800000001,3.5112471999999997,1.7735872000000001,2.3737962029097797,1.2947700503833541,0.31791710830993963,-0.1623513847537502,0.4032530450566822,-0.2108684926020229,3.2953463759373607
C,54.39323999999999,15.773840000000002,0.89767168,355.98152,479.43800048828126,36.384608,102.441272,83.123616,4.0969472,11.818871999999999,400.58312,44.563976000000004,43.879256000000005,2.8709152,1.7115427999999997,1.7626399756596818,1.0269775596933206,0.30952830004825954,-0.25593072121849475,0.3817878608979477,-0.3198039144968976,2.21388289963761
OF,63.926152,19.605192,3.3485119999999995,410.8836,488.94200439453124,42.009871999999994,110.628,97.788904,5.7963184,11.0290408,464.09664000000004,56.99433600000001,47.020368000000005,3.3177216,0.98261076,2.2542982928583335,0.95834673618109,0.31513577294388234,-0.19592833301119392,0.3828291886071871,-0.35833306280581895,2.6583836332224107
SS,52.489288,16.078944,2.0631608,333.36664,549.2839965820312,33.02408,88.74912,79.72564,3.9001999999999994,9.2142792,374.29223999999994,44.296264,38.857616,2.7785895999999997,1.2886992000000002,1.7520511567184858,0.8006566081051495,0.31267610190141365,-0.19471327651512005,0.38304305193825033,-0.2917037278346447,2.0662907604738705
Util,62.321039999999996,19.859248,0.8598910400000002,415.14384,369.8059997558594,41.902128,111.244352,98.999504,5.6383376,16.0793192,466.87376000000006,53.564856,55.538896,3.3001128,0.92941388,2.1186519909277024,1.3971807117926278,0.31447396911501535,-0.20924963001509128,0.4069348250958029,-0.16008679754571478,3.146496275159524
