Ottoneu Positions,ADP,BB,ER,G,GS,H,HBP,HLD,HR,IP,L,QS,R,SO,SV,TBF,W,WAR,SO_SGP_raw,HR9,HR9_SGP_raw,ERA,ERA_SGP_raw,WHIP,WHIP_SGP_raw,TOTAL_SGP_raw
P,469.1340087890625,25.214952,32.133272,49.499504,4.6733808,63.84195999999999,2.9536248,5.22767,10.282492799999998,71.946376,2.7347064,2.6216399999999997,35.057888000000005,73.770392,3.4561424799999996,303.52024,2.7498104000000003,0.54713688,1.5523179724598108,1.2862695850031416,-1.1155305638671453,4.019652748041124,-0.29707106878019457,1.2378234589606014,0.14621390021824088,0.2859302400307118
RP,375.0780090332031,21.661048,23.832608000000004,55.359528,1.34523336,53.522040000000004,2.9747551999999997,7.37983784,6.0895776,61.468672000000005,3.0608536000000006,0.6577616799999999,25.92588,64.01808799999999,11.388627199999998,258.19904,3.184328,0.75375148,1.3471045208071246,0.8916118832045046,0.8721411334318463,3.489476265242887,0.46242284054178984,1.2231122871826479,0.2301142092073755,2.911782703988136
SP,557.1240112304688,35.270144,46.698728,29.305293600000006,14.3070168,91.390816,4.24032,0.710842216,12.9960936,93.95502400000001,4.0563768,6.6238112000000005,51.103848,81.34069600000001,0.0,404.3548,3.4319999999999995,0.6737049199999999,1.7116165560458165,1.2449024801483737,-0.15221440783639797,4.4732951374691785,-0.2642039538799369,1.3481020450806334,-0.25941104957140987,1.0357871447580715
