Ottoneu Positions,ADP,BB,ER,G,GS,H,HBP,HLD,HR,IP,L,QS,R,SO,SV,TBF,W,WAR,SO_SGP_raw,HR9,HR9_SGP_raw,ERA,ERA_SGP_raw,WHIP,WHIP_SGP_raw,TOTAL_SGP_raw
P,516.5020034790039,23.054592000000003,23.398992,51.505573600000005,1.27664456,47.312135999999995,2.7885368,11.189290056,7.2293752,57.864208000000005,2.9199136,0.7521519999999999,25.44412,66.900832,6.3618488,243.30527999999998,2.9940271999999997,0.6025874,1.4077648372278464,1.1244321671178839,-0.21169260596510353,3.6393987799850294,0.23083886888481017,1.2160665536111717,0.254681583707029,1.681592683854582
RP,306.5860092163086,24.89332,28.271632,51.043368,3.4322168000000004,58.986912000000004,3.1719672,7.31786872,8.370346399999999,67.602784,2.970956,1.6472392,30.82916,71.164976,8.484022399999999,284.77272,3.2449079999999997,0.77998672,1.4974933473916079,1.114349338039096,-0.19191954288095442,3.763819667545053,0.08234952865889372,1.2407807347105706,0.10639455614044312,1.4943178893099904
SP,585.9160034179688,34.797647999999995,54.271367999999995,31.622184000000004,17.090272000000002,108.171056,4.9726704,0.73130224,16.124575999999998,107.85174400000001,5.2595264,7.519346400000001,59.011496,86.98575199999999,0.00481468,463.38847999999996,4.682025599999999,0.8071027199999999,1.8304029911828572,1.3455617741332024,-0.4100188658947834,4.528830910699042,-0.35281348352173225,1.3256040069226882,-0.23437358897540228,0.8331970527909393
