Ottoneu Positions,1B,2B,3B,AB,ADP,BB,G,H,HBP,HR,PA,R,RBI,SF,WAR,R_SGP_raw,HR_SGP_raw,OBP,OBP_SGP_raw,SLG,SLG_SGP_raw,TOTAL_SGP_raw
1B,72.46963600000001,23.520284,0.94811356,466.54504,291.2980041503906,49.678476,126.51112,115.18532,5.732051199999999,18.247174,526.47104,62.626184,63.821176,3.7030448,1.5887879999999999,2.477054907340825,1.5855521767068306,0.3245373390743572,-0.02675820737266362,0.4187017842478832,-0.05753144121250271,3.9783174354624893
2B,93.93662800000001,26.287784,1.72562128,513.7762399999999,319.7080078125,41.396944,133.96592,135.02452,5.8010136,13.074468,567.2484400000001,66.34968,61.283208,4.1384224,1.762746,2.624330430934342,1.1360800963855444,0.3224533856631976,-0.073531366341633,0.39703457645297113,-0.28798054433068954,3.398898616647564
3B,75.273096,22.299448,1.54338404,473.98771999999997,554.74599609375,47.91106,128.71388000000002,115.439796,6.2699679999999995,16.163888000000004,533.74376,62.82971200000001,59.643072000000004,3.7128332,1.8541248,2.4851050550423244,1.404529150784961,0.31890712142599764,-0.14152614906347322,0.39907720841375394,-0.24716510521760995,3.500942951546202
C,56.137339999999995,15.652012000000003,0.6304663199999999,357.8258,501.32399291992186,35.477940000000004,102.200936,85.26985199999999,4.3054428,13.010047599999998,401.58396000000005,45.133724,45.876724,2.7559896000000004,1.7572256,1.7851752315096567,1.1304824128514077,0.3123479348874552,-0.20954860804382258,0.39508876486826827,-0.2182734294963996,2.487835606820842
OF,61.283196,19.335072,2.2673520000000003,412.31308,529.8679992675782,41.058775999999995,112.000764,94.93082000000001,4.6040604,12.125236,463.27568,53.901396,47.192224,3.2116204,1.004465,2.1319631653482367,1.0535984549105533,0.30485137862901596,-0.37302240084493543,0.37654963553424015,-0.4061827594804293,2.406356459933425
SS,66.4736,21.40206,2.2156904,417.91067999999996,704.0440063476562,32.265252000000004,112.33638,100.43960399999999,5.1558904,10.1882032,460.4468,50.977896,47.463764000000005,3.5273784,1.23018836,2.0163299020855274,0.8852838121942332,0.300442371341026,-0.4490989897089811,0.3749069155160141,-0.4254641362090467,2.027050588361733
Util,62.05463199999999,18.789204,1.73266992,398.98824,602.8820007324218,36.384912,109.14586,96.123664,4.7335472,13.7871372,444.99840000000006,51.59045999999999,51.062920000000005,3.1910011999999996,0.93868496,2.0405586601759182,1.1980060801752488,0.30959358254320424,-0.27812889253216605,0.4009631926996144,-0.19434955112740776,2.7660862966915936
