Ottoneu Positions,ADP,BB,ER,G,GS,H,HBP,HLD,HR,IP,L,QS,R,SO,SV,TBF,W,WAR,SO_SGP_raw,HR9,HR9_SGP_raw,ERA,ERA_SGP_raw,WHIP,WHIP_SGP_raw,TOTAL_SGP_raw
P,895.0260009765625,22.144908,28.66536,47.120432,3.9242940399999995,60.470867999999996,3.0191072,8.851830000000001,7.682049600000001,66.263828,3.4011027999999994,2.06616724,31.217132,64.88404799999999,1.2999947356,279.23156,3.7465372,0.61239472,1.3653265369166676,1.0433814116504105,0.1717203327077727,3.893349475674722,-0.08468001958542579,1.2467703495789586,0.014815359538997095,1.4671822095780116
RP,223.78800201416016,24.290684,24.118096,61.72207999999999,0.0,51.010479999999994,2.8649652,5.854661200000001,6.919836800000001,62.77877600000001,3.3747216,0.0,26.28836,71.12940800000001,23.0449976,261.29036,3.98166,0.73346376,1.496744905582536,0.9920316254652686,0.4157421028502083,3.4575835629544605,0.541484916549322,1.1994684955310373,0.3603268063507834,2.8142987313328494
SP,771.85400390625,36.816320000000005,48.052764,34.074948,14.5208524,94.89654800000001,5.108532800000001,0.9551517199999999,12.6729204,97.289084,5.3864784000000006,5.650156,52.38082000000001,85.80577600000001,0.6040684,419.30708000000004,4.9740092,0.8163146400000001,1.8055732742434216,1.1723440997758803,-0.011690114031087303,4.445255913808378,-0.27450458599816824,1.3538298705741747,-0.3283434425345032,1.191035131679663
