{"R": 25.28251748251743, "HR": 11.508403361344515, "OBP": 0.002503279720279701, "SLG": 0.00528697202797202, "K": 47.5227326545109, "HR9": -0.026016417074877514, "ERA": -0.08937283374192077, "WHIP": -0.017438135920127117}