{"Target Pts": 10.441129125169613, "R": 1073.3416660079588, "HR": 323.0227703382613, "OBP": 0.3397449152807073, "SLG": 0.45854447277673094, "K": 1634.481105636577, "HR9": 0.9894539115424572, "ERA": 3.3765511551106724, "WHIP": 1.128832633601803}